{"XGBoost": {"auc": 0.8351013824884792, "precision": 0.5303030303030303, "recall": 0.75, "f1": 0.621301775147929, "accuracy": 0.7573459715639811}, "LightGBM": {"auc": 0.8317327188940091, "precision": 0.511002444987775, "recall": 0.7464285714285714, "f1": 0.6066763425253991, "accuracy": 0.7431279620853081}, "CatBoost": {"auc": 0.8377281105990784, "precision": 0.5022321428571429, "recall": 0.8035714285714286, "f1": 0.6181318681318682, "accuracy": 0.7364928909952607}, "Ensemble": {"auc": 0.8376129032258064, "precision": 0.5218446601941747, "recall": 0.7678571428571429, "f1": 0.6213872832369942, "accuracy": 0.7516587677725118}}